{
  "Update Booking" : {
    "transaction" : "Update Booking",
    "sampleCount" : 1000,
    "errorCount" : 0,
    "errorPct" : 0.0,
    "meanResTime" : 6065.723999999992,
    "medianResTime" : 4713.5,
    "minResTime" : 286.0,
    "maxResTime" : 18901.0,
    "pct1ResTime" : 12807.0,
    "pct2ResTime" : 15045.649999999987,
    "pct3ResTime" : 18164.88,
    "throughput" : 17.69160002830656,
    "receivedKBytesPerSec" : 7.152658605194254,
    "sentKBytesPerSec" : 8.62119962316892
  },
  "Partial Update Booking" : {
    "transaction" : "Partial Update Booking",
    "sampleCount" : 1000,
    "errorCount" : 0,
    "errorPct" : 0.0,
    "meanResTime" : 3570.2029999999922,
    "medianResTime" : 4209.5,
    "minResTime" : 285.0,
    "maxResTime" : 20365.0,
    "pct1ResTime" : 4988.8,
    "pct2ResTime" : 5067.0,
    "pct3ResTime" : 7699.95,
    "throughput" : 22.737091016575338,
    "receivedKBytesPerSec" : 9.236943225483731,
    "sentKBytesPerSec" : 7.327382847138537
  },
  "Delete Booking" : {
    "transaction" : "Delete Booking",
    "sampleCount" : 1000,
    "errorCount" : 0,
    "errorPct" : 0.0,
    "meanResTime" : 3240.4200000000064,
    "medianResTime" : 4015.0,
    "minResTime" : 276.0,
    "maxResTime" : 13567.0,
    "pct1ResTime" : 5200.0,
    "pct2ResTime" : 5211.0,
    "pct3ResTime" : 5244.99,
    "throughput" : 25.013757566661663,
    "receivedKBytesPerSec" : 6.058019410675872,
    "sentKBytesPerSec" : 6.9374093251288205
  },
  "Get All Booking IDs" : {
    "transaction" : "Get All Booking IDs",
    "sampleCount" : 1000,
    "errorCount" : 0,
    "errorPct" : 0.0,
    "meanResTime" : 16629.68499999999,
    "medianResTime" : 8209.0,
    "minResTime" : 2143.0,
    "maxResTime" : 51442.0,
    "pct1ResTime" : 29981.3,
    "pct2ResTime" : 30304.6,
    "pct3ResTime" : 31648.050000000003,
    "throughput" : 15.592353509838775,
    "receivedKBytesPerSec" : 437.6366310430115,
    "sentKBytesPerSec" : 2.13176708142327
  },
  "Total" : {
    "transaction" : "Total",
    "sampleCount" : 8000,
    "errorCount" : 0,
    "errorPct" : 0.0,
    "meanResTime" : 5644.7607499999895,
    "medianResTime" : 4273.0,
    "minResTime" : 271.0,
    "maxResTime" : 51442.0,
    "pct1ResTime" : 11029.7,
    "pct2ResTime" : 25756.6,
    "pct3ResTime" : 30076.859999999997,
    "throughput" : 105.52140765557813,
    "receivedKBytesPerSec" : 401.8238329373533,
    "sentKBytesPerSec" : 29.020963311525577
  },
  "Get Specific Booking" : {
    "transaction" : "Get Specific Booking",
    "sampleCount" : 1000,
    "errorCount" : 0,
    "errorPct" : 0.0,
    "meanResTime" : 6394.984000000001,
    "medianResTime" : 6885.5,
    "minResTime" : 324.0,
    "maxResTime" : 13513.0,
    "pct1ResTime" : 12046.6,
    "pct2ResTime" : 12751.699999999999,
    "pct3ResTime" : 13430.99,
    "throughput" : 16.047500601781273,
    "receivedKBytesPerSec" : 6.487954344860788,
    "sentKBytesPerSec" : 2.6798072293990214
  },
  "CreateBooking " : {
    "transaction" : "CreateBooking ",
    "sampleCount" : 1000,
    "errorCount" : 0,
    "errorPct" : 0.0,
    "meanResTime" : 5786.990999999998,
    "medianResTime" : 6633.5,
    "minResTime" : 314.0,
    "maxResTime" : 8010.0,
    "pct1ResTime" : 7685.9,
    "pct2ResTime" : 7817.65,
    "pct3ResTime" : 7961.0,
    "throughput" : 22.890628576660717,
    "receivedKBytesPerSec" : 9.902879354942087,
    "sentKBytesPerSec" : 9.947587613880877
  },
  "Ping - HealthCheck " : {
    "transaction" : "Ping - HealthCheck ",
    "sampleCount" : 1000,
    "errorCount" : 0,
    "errorPct" : 0.0,
    "meanResTime" : 1376.4389999999994,
    "medianResTime" : 1265.0,
    "minResTime" : 1103.0,
    "maxResTime" : 38349.0,
    "pct1ResTime" : 1439.0,
    "pct2ResTime" : 1651.8999999999999,
    "pct3ResTime" : 2092.9300000000003,
    "throughput" : 22.795659706391902,
    "receivedKBytesPerSec" : 5.520823835141789,
    "sentKBytesPerSec" : 3.0498099411871977
  },
  "Create Token" : {
    "transaction" : "Create Token",
    "sampleCount" : 1000,
    "errorCount" : 0,
    "errorPct" : 0.0,
    "meanResTime" : 2093.639999999998,
    "medianResTime" : 1075.5,
    "minResTime" : 271.0,
    "maxResTime" : 11377.0,
    "pct1ResTime" : 5041.3,
    "pct2ResTime" : 5083.95,
    "pct3ResTime" : 5197.98,
    "throughput" : 17.692852087756545,
    "receivedKBytesPerSec" : 4.682385659943383,
    "sentKBytesPerSec" : 4.267709439136588
  }
}