{
  "Create Student Address" : {
    "transaction" : "Create Student Address",
    "sampleCount" : 5000,
    "errorCount" : 0,
    "errorPct" : 0.0,
    "meanResTime" : 5410.261200000009,
    "medianResTime" : 2579.0,
    "minResTime" : 169.0,
    "maxResTime" : 28950.0,
    "pct1ResTime" : 16261.10000000005,
    "pct2ResTime" : 19623.0,
    "pct3ResTime" : 23571.569999999992,
    "throughput" : 19.7978246150313,
    "receivedKBytesPerSec" : 6.399492136304063,
    "sentKBytesPerSec" : 13.901011619343267
  },
  "Create Student" : {
    "transaction" : "Create Student",
    "sampleCount" : 5000,
    "errorCount" : 0,
    "errorPct" : 0.0,
    "meanResTime" : 5186.919399999996,
    "medianResTime" : 4771.5,
    "minResTime" : 384.0,
    "maxResTime" : 25763.0,
    "pct1ResTime" : 8862.500000000004,
    "pct2ResTime" : 10404.049999999996,
    "pct3ResTime" : 18093.929999999957,
    "throughput" : 23.227292998364796,
    "receivedKBytesPerSec" : 10.865110689664784,
    "sentKBytesPerSec" : 7.258529061988999
  },
  "Final Student Details" : {
    "transaction" : "Final Student Details",
    "sampleCount" : 5000,
    "errorCount" : 0,
    "errorPct" : 0.0,
    "meanResTime" : 12074.760799999991,
    "medianResTime" : 11441.5,
    "minResTime" : 164.0,
    "maxResTime" : 31966.0,
    "pct1ResTime" : 21921.600000000028,
    "pct2ResTime" : 24090.95,
    "pct3ResTime" : 27200.839999999997,
    "throughput" : 19.80488229958449,
    "receivedKBytesPerSec" : 13.944648572266034,
    "sentKBytesPerSec" : 3.0558314485687013
  },
  "Update Student" : {
    "transaction" : "Update Student",
    "sampleCount" : 5000,
    "errorCount" : 0,
    "errorPct" : 0.0,
    "meanResTime" : 3688.3363999999974,
    "medianResTime" : 2719.0,
    "minResTime" : 167.0,
    "maxResTime" : 26694.0,
    "pct1ResTime" : 5622.900000000006,
    "pct2ResTime" : 13256.549999999996,
    "pct3ResTime" : 21665.429999999986,
    "throughput" : 20.62850942516596,
    "receivedKBytesPerSec" : 6.728439597661552,
    "sentKBytesPerSec" : 7.232065316049392
  },
  "Get Specific Student" : {
    "transaction" : "Get Specific Student",
    "sampleCount" : 5000,
    "errorCount" : 0,
    "errorPct" : 0.0,
    "meanResTime" : 4134.325199999997,
    "medianResTime" : 2619.0,
    "minResTime" : 163.0,
    "maxResTime" : 28905.0,
    "pct1ResTime" : 10309.600000000002,
    "pct2ResTime" : 17475.999999999996,
    "pct3ResTime" : 22502.52999999999,
    "throughput" : 20.624084806236723,
    "receivedKBytesPerSec" : 8.640363654175346,
    "sentKBytesPerSec" : 3.101669004062945
  },
  "Get All Student" : {
    "transaction" : "Get All Student",
    "sampleCount" : 5000,
    "errorCount" : 0,
    "errorPct" : 0.0,
    "meanResTime" : 4282.696600000007,
    "medianResTime" : 3415.0,
    "minResTime" : 231.0,
    "maxResTime" : 28201.0,
    "pct1ResTime" : 5525.700000000002,
    "pct2ResTime" : 12070.299999999997,
    "pct3ResTime" : 21586.96,
    "throughput" : 21.398613369853635,
    "receivedKBytesPerSec" : 248.506828163785,
    "sentKBytesPerSec" : 3.0509741718736625
  },
  "Total" : {
    "transaction" : "Total",
    "sampleCount" : 35000,
    "errorCount" : 0,
    "errorPct" : 0.0,
    "meanResTime" : 6511.859542857125,
    "medianResTime" : 4235.0,
    "minResTime" : 67.0,
    "maxResTime" : 31966.0,
    "pct1ResTime" : 16721.800000000003,
    "pct2ResTime" : 19246.95,
    "pct3ResTime" : 21229.99,
    "throughput" : 136.72035219162726,
    "receivedKBytesPerSec" : 276.9490920547897,
    "sentKBytesPerSec" : 39.97849584174814
  },
  "Delete Student" : {
    "transaction" : "Delete Student",
    "sampleCount" : 5000,
    "errorCount" : 0,
    "errorPct" : 0.0,
    "meanResTime" : 10805.717199999983,
    "medianResTime" : 10101.5,
    "minResTime" : 67.0,
    "maxResTime" : 28058.0,
    "pct1ResTime" : 20237.9,
    "pct2ResTime" : 22111.85,
    "pct3ResTime" : 25582.89,
    "throughput" : 19.958008350430696,
    "receivedKBytesPerSec" : 6.509741004925636,
    "sentKBytesPerSec" : 4.677658207132193
  }
}