{
  "Create Student Address" : {
    "transaction" : "Create Student Address",
    "sampleCount" : 1500,
    "errorCount" : 0,
    "errorPct" : 0.0,
    "meanResTime" : 1352.9080000000006,
    "medianResTime" : 909.5,
    "minResTime" : 74.0,
    "maxResTime" : 4449.0,
    "pct1ResTime" : 3026.8,
    "pct2ResTime" : 3227.55,
    "pct3ResTime" : 3575.95,
    "throughput" : 22.26510316164465,
    "receivedKBytesPerSec" : 7.197020650883182,
    "sentKBytesPerSec" : 15.633407395725099
  },
  "Create Student" : {
    "transaction" : "Create Student",
    "sampleCount" : 1500,
    "errorCount" : 0,
    "errorPct" : 0.0,
    "meanResTime" : 1379.7699999999998,
    "medianResTime" : 1165.0,
    "minResTime" : 134.0,
    "maxResTime" : 5070.0,
    "pct1ResTime" : 2824.6000000000004,
    "pct2ResTime" : 3130.7000000000003,
    "pct3ResTime" : 3423.79,
    "throughput" : 23.045722713864304,
    "receivedKBytesPerSec" : 10.780176933536136,
    "sentKBytesPerSec" : 7.201788348082596
  },
  "Final Student Details" : {
    "transaction" : "Final Student Details",
    "sampleCount" : 1500,
    "errorCount" : 0,
    "errorPct" : 0.0,
    "meanResTime" : 2953.1519999999978,
    "medianResTime" : 2959.0,
    "minResTime" : 180.0,
    "maxResTime" : 6071.0,
    "pct1ResTime" : 4423.1,
    "pct2ResTime" : 4662.650000000001,
    "pct3ResTime" : 5669.97,
    "throughput" : 22.152319347835718,
    "receivedKBytesPerSec" : 15.597482665810112,
    "sentKBytesPerSec" : 3.41803364937309
  },
  "Update Student" : {
    "transaction" : "Update Student",
    "sampleCount" : 1500,
    "errorCount" : 0,
    "errorPct" : 0.0,
    "meanResTime" : 1233.2279999999994,
    "medianResTime" : 914.5,
    "minResTime" : 69.0,
    "maxResTime" : 4466.0,
    "pct1ResTime" : 2811.8,
    "pct2ResTime" : 3147.9,
    "pct3ResTime" : 3760.0,
    "throughput" : 23.04784733105928,
    "receivedKBytesPerSec" : 7.5175595786853515,
    "sentKBytesPerSec" : 8.08025116391629
  },
  "Get Specific Student" : {
    "transaction" : "Get Specific Student",
    "sampleCount" : 1500,
    "errorCount" : 0,
    "errorPct" : 0.0,
    "meanResTime" : 1337.8313333333351,
    "medianResTime" : 827.0,
    "minResTime" : 67.0,
    "maxResTime" : 4461.0,
    "pct1ResTime" : 3141.9,
    "pct2ResTime" : 3410.8500000000004,
    "pct3ResTime" : 4278.0,
    "throughput" : 22.33206288708909,
    "receivedKBytesPerSec" : 9.35591306500119,
    "sentKBytesPerSec" : 3.3585328951286324
  },
  "Get All Student" : {
    "transaction" : "Get All Student",
    "sampleCount" : 1500,
    "errorCount" : 0,
    "errorPct" : 0.0,
    "meanResTime" : 1349.039999999999,
    "medianResTime" : 971.0,
    "minResTime" : 132.0,
    "maxResTime" : 4447.0,
    "pct1ResTime" : 2989.7000000000003,
    "pct2ResTime" : 3174.8,
    "pct3ResTime" : 3758.7400000000002,
    "throughput" : 23.444826508283835,
    "receivedKBytesPerSec" : 271.72419603782436,
    "sentKBytesPerSec" : 3.342719404501407
  },
  "Total" : {
    "transaction" : "Total",
    "sampleCount" : 10500,
    "errorCount" : 0,
    "errorPct" : 0.0,
    "meanResTime" : 1645.1352380952308,
    "medianResTime" : 1367.5,
    "minResTime" : 67.0,
    "maxResTime" : 6071.0,
    "pct1ResTime" : 3259.0,
    "pct2ResTime" : 3712.899999999998,
    "pct3ResTime" : 4565.0,
    "throughput" : 150.23608527686363,
    "receivedKBytesPerSec" : 303.8277784733152,
    "sentKBytesPerSec" : 43.93064100729718
  },
  "Delete Student" : {
    "transaction" : "Delete Student",
    "sampleCount" : 1500,
    "errorCount" : 0,
    "errorPct" : 0.0,
    "meanResTime" : 1910.0173333333335,
    "medianResTime" : 1928.5,
    "minResTime" : 70.0,
    "maxResTime" : 4181.0,
    "pct1ResTime" : 3163.000000000001,
    "pct2ResTime" : 3458.55,
    "pct3ResTime" : 3807.71,
    "throughput" : 22.574382590636144,
    "receivedKBytesPerSec" : 7.363128696555149,
    "sentKBytesPerSec" : 5.290870919680347
  }
}