{
  "Create Student Address" : {
    "transaction" : "Create Student Address",
    "sampleCount" : 500,
    "errorCount" : 0,
    "errorPct" : 0.0,
    "meanResTime" : 614.68,
    "medianResTime" : 580.5,
    "minResTime" : 67.0,
    "maxResTime" : 1521.0,
    "pct1ResTime" : 1113.7,
    "pct2ResTime" : 1262.85,
    "pct3ResTime" : 1469.6500000000003,
    "throughput" : 16.798817363257626,
    "receivedKBytesPerSec" : 5.430086471912378,
    "sentKBytesPerSec" : 11.795263363459213
  },
  "Create Student" : {
    "transaction" : "Create Student",
    "sampleCount" : 500,
    "errorCount" : 0,
    "errorPct" : 0.0,
    "meanResTime" : 635.0780000000001,
    "medianResTime" : 570.5,
    "minResTime" : 66.0,
    "maxResTime" : 1746.0,
    "pct1ResTime" : 1189.2000000000003,
    "pct2ResTime" : 1284.9,
    "pct3ResTime" : 1371.9,
    "throughput" : 16.5809981760902,
    "receivedKBytesPerSec" : 7.756150514010943,
    "sentKBytesPerSec" : 5.181561930028187
  },
  "Final Student Details" : {
    "transaction" : "Final Student Details",
    "sampleCount" : 500,
    "errorCount" : 0,
    "errorPct" : 0.0,
    "meanResTime" : 918.4900000000002,
    "medianResTime" : 890.5,
    "minResTime" : 183.0,
    "maxResTime" : 1918.0,
    "pct1ResTime" : 1411.1000000000006,
    "pct2ResTime" : 1590.95,
    "pct3ResTime" : 1780.93,
    "throughput" : 16.708996123512897,
    "receivedKBytesPerSec" : 11.764830278371875,
    "sentKBytesPerSec" : 2.5781458862451543
  },
  "Update Student" : {
    "transaction" : "Update Student",
    "sampleCount" : 500,
    "errorCount" : 0,
    "errorPct" : 0.0,
    "meanResTime" : 504.7919999999995,
    "medianResTime" : 428.5,
    "minResTime" : 67.0,
    "maxResTime" : 1494.0,
    "pct1ResTime" : 989.8000000000004,
    "pct2ResTime" : 1184.8499999999997,
    "pct3ResTime" : 1409.8400000000001,
    "throughput" : 16.815766462635366,
    "receivedKBytesPerSec" : 5.484830076679895,
    "sentKBytesPerSec" : 5.895371250084079
  },
  "Get Specific Student" : {
    "transaction" : "Get Specific Student",
    "sampleCount" : 500,
    "errorCount" : 0,
    "errorPct" : 0.0,
    "meanResTime" : 498.1339999999999,
    "medianResTime" : 455.0,
    "minResTime" : 67.0,
    "maxResTime" : 1623.0,
    "pct1ResTime" : 951.0000000000003,
    "pct2ResTime" : 1116.75,
    "pct3ResTime" : 1294.94,
    "throughput" : 16.80051073552636,
    "receivedKBytesPerSec" : 7.0384952202546955,
    "sentKBytesPerSec" : 2.526639309835019
  },
  "Get All Student" : {
    "transaction" : "Get All Student",
    "sampleCount" : 500,
    "errorCount" : 0,
    "errorPct" : 0.0,
    "meanResTime" : 548.0799999999998,
    "medianResTime" : 457.0,
    "minResTime" : 67.0,
    "maxResTime" : 1859.0,
    "pct1ResTime" : 1096.9,
    "pct2ResTime" : 1246.5,
    "pct3ResTime" : 1463.98,
    "throughput" : 16.851471133429946,
    "receivedKBytesPerSec" : 189.14528943454889,
    "sentKBytesPerSec" : 2.402651157696067
  },
  "Total" : {
    "transaction" : "Total",
    "sampleCount" : 3500,
    "errorCount" : 0,
    "errorPct" : 0.0,
    "meanResTime" : 623.8745714285708,
    "medianResTime" : 547.5,
    "minResTime" : 66.0,
    "maxResTime" : 1918.0,
    "pct1ResTime" : 1163.9,
    "pct2ResTime" : 1298.0,
    "pct3ResTime" : 1539.949999999999,
    "throughput" : 112.08608211106129,
    "receivedKBytesPerSec" : 220.8202461990809,
    "sentKBytesPerSec" : 32.775171331582655
  },
  "Delete Student" : {
    "transaction" : "Delete Student",
    "sampleCount" : 500,
    "errorCount" : 0,
    "errorPct" : 0.0,
    "meanResTime" : 647.8679999999998,
    "medianResTime" : 635.5,
    "minResTime" : 67.0,
    "maxResTime" : 1463.0,
    "pct1ResTime" : 1149.9,
    "pct2ResTime" : 1234.0,
    "pct3ResTime" : 1413.8500000000001,
    "throughput" : 16.806157776209204,
    "receivedKBytesPerSec" : 5.481695993411986,
    "sentKBytesPerSec" : 3.938943228799032
  }
}