{
  "Update Booking" : {
    "transaction" : "Update Booking",
    "sampleCount" : 10,
    "errorCount" : 0,
    "errorPct" : 0.0,
    "meanResTime" : 913.5999999999999,
    "medianResTime" : 295.5,
    "minResTime" : 279.0,
    "maxResTime" : 3643.0,
    "pct1ResTime" : 3471.2000000000007,
    "pct2ResTime" : 3643.0,
    "pct3ResTime" : 3643.0,
    "throughput" : 0.16977928692699493,
    "receivedKBytesPerSec" : 0.06864123514431239,
    "sentKBytesPerSec" : 0.08256844227504245
  },
  "Partial Update Booking" : {
    "transaction" : "Partial Update Booking",
    "sampleCount" : 10,
    "errorCount" : 0,
    "errorPct" : 0.0,
    "meanResTime" : 461.1,
    "medianResTime" : 295.0,
    "minResTime" : 289.0,
    "maxResTime" : 1410.0,
    "pct1ResTime" : 1351.1000000000004,
    "pct2ResTime" : 1410.0,
    "pct3ResTime" : 1410.0,
    "throughput" : 0.16973606042603753,
    "receivedKBytesPerSec" : 0.06895527454807775,
    "sentKBytesPerSec" : 0.054534339726724945
  },
  "Delete Booking" : {
    "transaction" : "Delete Booking",
    "sampleCount" : 10,
    "errorCount" : 0,
    "errorPct" : 0.0,
    "meanResTime" : 354.1,
    "medianResTime" : 293.0,
    "minResTime" : 288.0,
    "maxResTime" : 840.0,
    "pct1ResTime" : 790.6000000000001,
    "pct2ResTime" : 840.0,
    "pct3ResTime" : 840.0,
    "throughput" : 0.1712651355563548,
    "receivedKBytesPerSec" : 0.041478275017554675,
    "sentKBytesPerSec" : 0.04733206383051602
  },
  "Get All Booking IDs" : {
    "transaction" : "Get All Booking IDs",
    "sampleCount" : 10,
    "errorCount" : 0,
    "errorPct" : 0.0,
    "meanResTime" : 5942.0,
    "medianResTime" : 575.0,
    "minResTime" : 279.0,
    "maxResTime" : 50098.0,
    "pct1ResTime" : 45374.30000000002,
    "pct2ResTime" : 50098.0,
    "pct3ResTime" : 50098.0,
    "throughput" : 0.17475796022508827,
    "receivedKBytesPerSec" : 2.1096221186781308,
    "sentKBytesPerSec" : 0.023892689874523785
  },
  "Total" : {
    "transaction" : "Total",
    "sampleCount" : 80,
    "errorCount" : 0,
    "errorPct" : 0.0,
    "meanResTime" : 1491.1124999999997,
    "medianResTime" : 297.5,
    "minResTime" : 275.0,
    "maxResTime" : 50098.0,
    "pct1ResTime" : 2453.1000000000013,
    "pct2ResTime" : 3603.9000000000024,
    "pct3ResTime" : 50098.0,
    "throughput" : 1.2759984688018373,
    "receivedKBytesPerSec" : 2.3075136372336353,
    "sentKBytesPerSec" : 0.35030768509952787
  },
  "Get Specific Booking" : {
    "transaction" : "Get Specific Booking",
    "sampleCount" : 10,
    "errorCount" : 0,
    "errorPct" : 0.0,
    "meanResTime" : 388.5,
    "medianResTime" : 293.0,
    "minResTime" : 278.0,
    "maxResTime" : 1198.0,
    "pct1ResTime" : 1111.5000000000005,
    "pct2ResTime" : 1198.0,
    "pct3ResTime" : 1198.0,
    "throughput" : 0.17470910933296063,
    "receivedKBytesPerSec" : 0.07063434693734931,
    "sentKBytesPerSec" : 0.02900444197910479
  },
  "CreateBooking " : {
    "transaction" : "CreateBooking ",
    "sampleCount" : 10,
    "errorCount" : 0,
    "errorPct" : 0.0,
    "meanResTime" : 483.5,
    "medianResTime" : 289.5,
    "minResTime" : 279.0,
    "maxResTime" : 1412.0,
    "pct1ResTime" : 1379.2,
    "pct2ResTime" : 1412.0,
    "pct3ResTime" : 1412.0,
    "throughput" : 0.9603380389897244,
    "receivedKBytesPerSec" : 0.414520911360799,
    "sentKBytesPerSec" : 0.4173344017094017
  },
  "Ping - HealthCheck " : {
    "transaction" : "Ping - HealthCheck ",
    "sampleCount" : 10,
    "errorCount" : 0,
    "errorPct" : 0.0,
    "meanResTime" : 3033.2,
    "medianResTime" : 2135.0,
    "minResTime" : 1122.0,
    "maxResTime" : 9250.0,
    "pct1ResTime" : 8966.800000000001,
    "pct2ResTime" : 9250.0,
    "pct3ResTime" : 9250.0,
    "throughput" : 0.8202772537117545,
    "receivedKBytesPerSec" : 0.19866089738331555,
    "sentKBytesPerSec" : 0.10974412476417028
  },
  "Create Token" : {
    "transaction" : "Create Token",
    "sampleCount" : 10,
    "errorCount" : 0,
    "errorPct" : 0.0,
    "meanResTime" : 352.90000000000003,
    "medianResTime" : 290.5,
    "minResTime" : 275.0,
    "maxResTime" : 899.0,
    "pct1ResTime" : 841.5000000000002,
    "pct2ResTime" : 899.0,
    "pct3ResTime" : 899.0,
    "throughput" : 0.17467248908296942,
    "receivedKBytesPerSec" : 0.04622680131004367,
    "sentKBytesPerSec" : 0.04213291484716157
  }
}