{
  "Update Booking" : {
    "transaction" : "Update Booking",
    "sampleCount" : 100,
    "errorCount" : 0,
    "errorPct" : 0.0,
    "meanResTime" : 469.36,
    "medianResTime" : 341.5,
    "minResTime" : 279.0,
    "maxResTime" : 3014.0,
    "pct1ResTime" : 990.1000000000004,
    "pct2ResTime" : 1040.75,
    "pct3ResTime" : 2996.1999999999907,
    "throughput" : 3.73761913660998,
    "receivedKBytesPerSec" : 1.5111077368716128,
    "sentKBytesPerSec" : 1.8177093066716503
  },
  "Partial Update Booking" : {
    "transaction" : "Partial Update Booking",
    "sampleCount" : 100,
    "errorCount" : 0,
    "errorPct" : 0.0,
    "meanResTime" : 463.5100000000001,
    "medianResTime" : 342.5,
    "minResTime" : 281.0,
    "maxResTime" : 1045.0,
    "pct1ResTime" : 941.5,
    "pct2ResTime" : 982.5999999999999,
    "pct3ResTime" : 1044.9099999999999,
    "throughput" : 3.7337116827838552,
    "receivedKBytesPerSec" : 1.5168203711309411,
    "sentKBytesPerSec" : 1.1996007262069222
  },
  "Delete Booking" : {
    "transaction" : "Delete Booking",
    "sampleCount" : 100,
    "errorCount" : 0,
    "errorPct" : 0.0,
    "meanResTime" : 444.98,
    "medianResTime" : 333.5,
    "minResTime" : 281.0,
    "maxResTime" : 2883.0,
    "pct1ResTime" : 907.3000000000001,
    "pct2ResTime" : 1050.9499999999994,
    "pct3ResTime" : 2868.899999999993,
    "throughput" : 3.732178846010301,
    "receivedKBytesPerSec" : 0.9038870642681197,
    "sentKBytesPerSec" : 1.0314517709188624
  },
  "Get All Booking IDs" : {
    "transaction" : "Get All Booking IDs",
    "sampleCount" : 100,
    "errorCount" : 0,
    "errorPct" : 0.0,
    "meanResTime" : 1675.6699999999998,
    "medianResTime" : 1187.5,
    "minResTime" : 284.0,
    "maxResTime" : 18880.0,
    "pct1ResTime" : 3066.7000000000007,
    "pct2ResTime" : 4201.099999999993,
    "pct3ResTime" : 18753.179999999935,
    "throughput" : 3.749250149970006,
    "receivedKBytesPerSec" : 47.70020117070336,
    "sentKBytesPerSec" : 0.5125927939412117
  },
  "Total" : {
    "transaction" : "Total",
    "sampleCount" : 800,
    "errorCount" : 0,
    "errorPct" : 0.0,
    "meanResTime" : 920.9999999999998,
    "medianResTime" : 353.5,
    "minResTime" : 276.0,
    "maxResTime" : 18880.0,
    "pct1ResTime" : 2460.999999999999,
    "pct2ResTime" : 3273.949999999989,
    "pct3ResTime" : 5355.640000000001,
    "throughput" : 25.64842422493668,
    "receivedKBytesPerSec" : 48.469447817479406,
    "sentKBytesPerSec" : 7.041419199448559
  },
  "Get Specific Booking" : {
    "transaction" : "Get Specific Booking",
    "sampleCount" : 100,
    "errorCount" : 0,
    "errorPct" : 0.0,
    "meanResTime" : 433.56999999999994,
    "medianResTime" : 334.5,
    "minResTime" : 277.0,
    "maxResTime" : 2531.0,
    "pct1ResTime" : 931.4000000000003,
    "pct2ResTime" : 1024.6999999999998,
    "pct3ResTime" : 2524.2299999999964,
    "throughput" : 3.7463005282283746,
    "receivedKBytesPerSec" : 1.514617596373581,
    "sentKBytesPerSec" : 0.6219444236316637
  },
  "CreateBooking " : {
    "transaction" : "CreateBooking ",
    "sampleCount" : 100,
    "errorCount" : 0,
    "errorPct" : 0.0,
    "meanResTime" : 498.43,
    "medianResTime" : 320.0,
    "minResTime" : 277.0,
    "maxResTime" : 3895.0,
    "pct1ResTime" : 1158.8000000000002,
    "pct2ResTime" : 1284.3999999999999,
    "pct3ResTime" : 3876.7199999999907,
    "throughput" : 5.831583858175881,
    "receivedKBytesPerSec" : 2.5171485012829486,
    "sentKBytesPerSec" : 2.534233219617448
  },
  "Ping - HealthCheck " : {
    "transaction" : "Ping - HealthCheck ",
    "sampleCount" : 100,
    "errorCount" : 0,
    "errorPct" : 0.0,
    "meanResTime" : 2950.3999999999996,
    "medianResTime" : 2614.5,
    "minResTime" : 1130.0,
    "maxResTime" : 17069.0,
    "pct1ResTime" : 4671.3,
    "pct2ResTime" : 5350.199999999999,
    "pct3ResTime" : 16968.279999999948,
    "throughput" : 5.127153404429861,
    "receivedKBytesPerSec" : 1.2417324651353567,
    "sentKBytesPerSec" : 0.6859570472723543
  },
  "Create Token" : {
    "transaction" : "Create Token",
    "sampleCount" : 100,
    "errorCount" : 0,
    "errorPct" : 0.0,
    "meanResTime" : 432.0799999999999,
    "medianResTime" : 331.5,
    "minResTime" : 276.0,
    "maxResTime" : 2592.0,
    "pct1ResTime" : 919.1000000000001,
    "pct2ResTime" : 984.1999999999998,
    "pct3ResTime" : 2581.3299999999945,
    "throughput" : 3.7427951193951645,
    "receivedKBytesPerSec" : 0.9905248802305562,
    "sentKBytesPerSec" : 0.902803119619732
  }
}