{
  "Update Booking" : {
    "transaction" : "Update Booking",
    "sampleCount" : 500,
    "errorCount" : 0,
    "errorPct" : 0.0,
    "meanResTime" : 3875.6739999999977,
    "medianResTime" : 4061.0,
    "minResTime" : 1271.0,
    "maxResTime" : 5640.0,
    "pct1ResTime" : 5338.9,
    "pct2ResTime" : 5521.0,
    "pct3ResTime" : 5629.95,
    "throughput" : 27.103209019947965,
    "receivedKBytesPerSec" : 10.957742709236774,
    "sentKBytesPerSec" : 13.199156920804423
  },
  "Partial Update Booking" : {
    "transaction" : "Partial Update Booking",
    "sampleCount" : 500,
    "errorCount" : 0,
    "errorPct" : 0.0,
    "meanResTime" : 2970.9839999999995,
    "medianResTime" : 2472.0,
    "minResTime" : 1402.0,
    "maxResTime" : 5739.0,
    "pct1ResTime" : 5516.9,
    "pct2ResTime" : 5530.95,
    "pct3ResTime" : 5545.99,
    "throughput" : 26.860059092130005,
    "receivedKBytesPerSec" : 10.911899006177814,
    "sentKBytesPerSec" : 8.647784884501746
  },
  "Delete Booking" : {
    "transaction" : "Delete Booking",
    "sampleCount" : 500,
    "errorCount" : 0,
    "errorPct" : 0.0,
    "meanResTime" : 2038.3659999999993,
    "medianResTime" : 1507.0,
    "minResTime" : 279.0,
    "maxResTime" : 5746.0,
    "pct1ResTime" : 4633.1,
    "pct2ResTime" : 5688.599999999999,
    "pct3ResTime" : 5726.0,
    "throughput" : 32.765399737876805,
    "receivedKBytesPerSec" : 7.935370249017038,
    "sentKBytesPerSec" : 9.077167635976409
  },
  "Get All Booking IDs" : {
    "transaction" : "Get All Booking IDs",
    "sampleCount" : 500,
    "errorCount" : 0,
    "errorPct" : 0.0,
    "meanResTime" : 2393.4939999999997,
    "medianResTime" : 2607.0,
    "minResTime" : 295.0,
    "maxResTime" : 3887.0,
    "pct1ResTime" : 3284.9,
    "pct2ResTime" : 3477.2,
    "pct3ResTime" : 3751.4800000000005,
    "throughput" : 32.825630252100844,
    "receivedKBytesPerSec" : 601.7191269818475,
    "sentKBytesPerSec" : 4.487879136029412
  },
  "Total" : {
    "transaction" : "Total",
    "sampleCount" : 4000,
    "errorCount" : 0,
    "errorPct" : 0.0,
    "meanResTime" : 2136.621750000006,
    "medianResTime" : 2113.5,
    "minResTime" : 273.0,
    "maxResTime" : 5746.0,
    "pct1ResTime" : 4223.9,
    "pct2ResTime" : 5153.849999999999,
    "pct3ResTime" : 5610.99,
    "throughput" : 169.18326777481707,
    "receivedKBytesPerSec" : 438.33158367434334,
    "sentKBytesPerSec" : 46.50342463942816
  },
  "Get Specific Booking" : {
    "transaction" : "Get Specific Booking",
    "sampleCount" : 500,
    "errorCount" : 0,
    "errorPct" : 0.0,
    "meanResTime" : 2357.2879999999977,
    "medianResTime" : 2434.5,
    "minResTime" : 636.0,
    "maxResTime" : 3396.0,
    "pct1ResTime" : 3150.100000000001,
    "pct2ResTime" : 3235.9,
    "pct3ResTime" : 3360.9,
    "throughput" : 29.779630732578916,
    "receivedKBytesPerSec" : 12.039811643835616,
    "sentKBytesPerSec" : 4.9637758710541995
  },
  "CreateBooking " : {
    "transaction" : "CreateBooking ",
    "sampleCount" : 500,
    "errorCount" : 0,
    "errorPct" : 0.0,
    "meanResTime" : 1833.1939999999988,
    "medianResTime" : 2105.5,
    "minResTime" : 286.0,
    "maxResTime" : 2986.0,
    "pct1ResTime" : 2665.9,
    "pct2ResTime" : 2841.9,
    "pct3ResTime" : 2944.92,
    "throughput" : 42.71313856142149,
    "receivedKBytesPerSec" : 18.465256866137025,
    "sentKBytesPerSec" : 18.56186197249274
  },
  "Ping - HealthCheck " : {
    "transaction" : "Ping - HealthCheck ",
    "sampleCount" : 500,
    "errorCount" : 0,
    "errorPct" : 0.0,
    "meanResTime" : 1274.5820000000006,
    "medianResTime" : 1232.0,
    "minResTime" : 1095.0,
    "maxResTime" : 2905.0,
    "pct1ResTime" : 1406.0,
    "pct2ResTime" : 1562.3999999999994,
    "pct3ResTime" : 2043.7600000000002,
    "throughput" : 45.03287399801855,
    "receivedKBytesPerSec" : 10.906399171395119,
    "sentKBytesPerSec" : 6.024905993875529
  },
  "Create Token" : {
    "transaction" : "Create Token",
    "sampleCount" : 500,
    "errorCount" : 0,
    "errorPct" : 0.0,
    "meanResTime" : 349.3920000000002,
    "medianResTime" : 343.0,
    "minResTime" : 273.0,
    "maxResTime" : 482.0,
    "pct1ResTime" : 425.7000000000001,
    "pct2ResTime" : 447.9,
    "pct3ResTime" : 468.97,
    "throughput" : 30.259017187121763,
    "receivedKBytesPerSec" : 8.008001618857419,
    "sentKBytesPerSec" : 7.2988059035342525
  }
}